block,dow,blockface_dow_mean
1ST AVE BETWEEN BATTERY ST AND WALL ST,0,0.41798872905643736
1ST AVE BETWEEN BATTERY ST AND WALL ST,1,0.46814493312757205
1ST AVE BETWEEN BATTERY ST AND WALL ST,2,0.46885158096926716
1ST AVE BETWEEN BATTERY ST AND WALL ST,3,0.5136586130401235
1ST AVE BETWEEN BATTERY ST AND WALL ST,4,0.5308106575963719
1ST AVE BETWEEN BATTERY ST AND WALL ST,5,0.5772647810570988
1ST AVE BETWEEN BELL ST AND BATTERY ST,0,0.4607776830485478
1ST AVE BETWEEN BELL ST AND BATTERY ST,1,0.4688362544091711
1ST AVE BETWEEN BELL ST AND BATTERY ST,2,0.46794727387643137
1ST AVE BETWEEN BELL ST AND BATTERY ST,3,0.5024983048456385
1ST AVE BETWEEN BELL ST AND BATTERY ST,4,0.5278443371396178
1ST AVE BETWEEN BELL ST AND BATTERY ST,5,0.5187381128172688
1ST AVE BETWEEN BLANCHARD ST AND BELL ST,0,0.2610621438746439
1ST AVE BETWEEN BLANCHARD ST AND BELL ST,1,0.25479364514086733
1ST AVE BETWEEN BLANCHARD ST AND BELL ST,2,0.26661684700248534
1ST AVE BETWEEN BLANCHARD ST AND BELL ST,3,0.2730228550866572
1ST AVE BETWEEN BLANCHARD ST AND BELL ST,4,0.29834774187452756
1ST AVE BETWEEN BLANCHARD ST AND BELL ST,5,0.3312879310600665
1ST AVE BETWEEN BROAD ST AND EAGLE ST,0,0.16885052034058656
1ST AVE BETWEEN BROAD ST AND EAGLE ST,1,0.15641025641025638
1ST AVE BETWEEN BROAD ST AND EAGLE ST,2,0.16428571428571428
1ST AVE BETWEEN BROAD ST AND EAGLE ST,3,0.21488601106164845
1ST AVE BETWEEN BROAD ST AND EAGLE ST,4,0.1890557359307359
1ST AVE BETWEEN BROAD ST AND EAGLE ST,5,0.32960069444444445
1ST AVE BETWEEN CEDAR ST AND CLAY ST,0,0.20142527600519405
1ST AVE BETWEEN CEDAR ST AND CLAY ST,1,0.28370970612446755
1ST AVE BETWEEN CEDAR ST AND CLAY ST,2,0.2675035772054249
1ST AVE BETWEEN CEDAR ST AND CLAY ST,3,0.3089815213456281
1ST AVE BETWEEN CEDAR ST AND CLAY ST,4,0.3616353386472434
1ST AVE BETWEEN CEDAR ST AND CLAY ST,5,0.30830682705516116
1ST AVE BETWEEN CLAY ST AND BROAD ST,0,0.2721696664777022
1ST AVE BETWEEN CLAY ST AND BROAD ST,1,0.2689440035273369
1ST AVE BETWEEN CLAY ST AND BROAD ST,2,0.27477767142809334
1ST AVE BETWEEN CLAY ST AND BROAD ST,3,0.3194612643805695
1ST AVE BETWEEN CLAY ST AND BROAD ST,4,0.30437368399740844
1ST AVE BETWEEN CLAY ST AND BROAD ST,5,0.27700610904164275
1ST AVE BETWEEN LENORA ST AND BLANCHARD ST,0,0.48204365079365075
1ST AVE BETWEEN LENORA ST AND BLANCHARD ST,1,0.47763717421124824
1ST AVE BETWEEN LENORA ST AND BLANCHARD ST,2,0.5067884817441555
1ST AVE BETWEEN LENORA ST AND BLANCHARD ST,3,0.5136429398148148
1ST AVE BETWEEN LENORA ST AND BLANCHARD ST,4,0.5892526455026456
1ST AVE BETWEEN LENORA ST AND BLANCHARD ST,5,0.6233346193415638
1ST AVE BETWEEN STEWART ST AND VIRGINIA ST,0,0.6564648591410559
1ST AVE BETWEEN STEWART ST AND VIRGINIA ST,1,0.6622988861386139
1ST AVE BETWEEN STEWART ST AND VIRGINIA ST,2,0.6933159722222222
1ST AVE BETWEEN STEWART ST AND VIRGINIA ST,3,0.7191759902263374
1ST AVE BETWEEN STEWART ST AND VIRGINIA ST,4,0.761456755050505
1ST AVE BETWEEN STEWART ST AND VIRGINIA ST,5,0.859203398276749
1ST AVE BETWEEN VINE ST AND CEDAR ST,0,0.37820767195767196
1ST AVE BETWEEN VINE ST AND CEDAR ST,1,0.4384465020576132
1ST AVE BETWEEN VINE ST AND CEDAR ST,2,0.485099816128185
1ST AVE BETWEEN VINE ST AND CEDAR ST,3,0.4474633487654321
1ST AVE BETWEEN VINE ST AND CEDAR ST,4,0.44471214411690607
1ST AVE BETWEEN VINE ST AND CEDAR ST,5,0.41499807098765434
1ST AVE BETWEEN VIRGINIA ST AND LENORA ST,0,0.42042793483513624
1ST AVE BETWEEN VIRGINIA ST AND LENORA ST,1,0.4664101938589643
1ST AVE BETWEEN VIRGINIA ST AND LENORA ST,2,0.4676576124869201
1ST AVE BETWEEN VIRGINIA ST AND LENORA ST,3,0.4828153359192037
1ST AVE BETWEEN VIRGINIA ST AND LENORA ST,4,0.515585221207921
1ST AVE BETWEEN VIRGINIA ST AND LENORA ST,5,0.5542321841931217
1ST AVE BETWEEN WALL ST AND VINE ST,0,0.2961954385267877
1ST AVE BETWEEN WALL ST AND VINE ST,1,0.36869113988981134
1ST AVE BETWEEN WALL ST AND VINE ST,2,0.3588731284475965
1ST AVE BETWEEN WALL ST AND VINE ST,3,0.3678587632573805
1ST AVE BETWEEN WALL ST AND VINE ST,4,0.3816674090271029
1ST AVE BETWEEN WALL ST AND VINE ST,5,0.3662207892416226
1ST AVE BETWEEN WARREN PL AND BAY ST,0,0.15714285714285714
1ST AVE BETWEEN WARREN PL AND BAY ST,1,0.15325347530316474
1ST AVE BETWEEN WARREN PL AND BAY ST,2,0.13282039503904455
1ST AVE BETWEEN WARREN PL AND BAY ST,3,0.16055651176133104
1ST AVE BETWEEN WARREN PL AND BAY ST,4,0.17795721187025534
1ST AVE BETWEEN WARREN PL AND BAY ST,5,0.3412254412254412
2ND AVE BETWEEN BATTERY ST AND WALL ST,0,0.3749889770723104
2ND AVE BETWEEN BATTERY ST AND WALL ST,1,0.38551054526748973
2ND AVE BETWEEN BATTERY ST AND WALL ST,2,0.3784168144208038
2ND AVE BETWEEN BATTERY ST AND WALL ST,3,0.4066020447530864
2ND AVE BETWEEN BATTERY ST AND WALL ST,4,0.40642006802721087
2ND AVE BETWEEN BATTERY ST AND WALL ST,5,0.5109700520833333
2ND AVE BETWEEN BELL ST AND BATTERY ST,0,0.5229543951418951
2ND AVE BETWEEN BELL ST AND BATTERY ST,1,0.5284967732884399
2ND AVE BETWEEN BELL ST AND BATTERY ST,2,0.5250592359767892
2ND AVE BETWEEN BELL ST AND BATTERY ST,3,0.5863286510942761
2ND AVE BETWEEN BELL ST AND BATTERY ST,4,0.5856350494743352
2ND AVE BETWEEN BELL ST AND BATTERY ST,5,0.5206904987373737
2ND AVE BETWEEN BLANCHARD ST AND BELL ST,0,0.3697515117157974
2ND AVE BETWEEN BLANCHARD ST AND BELL ST,1,0.4331040564373898
2ND AVE BETWEEN BLANCHARD ST AND BELL ST,2,0.4128419452887538
2ND AVE BETWEEN BLANCHARD ST AND BELL ST,3,0.4419456845238095
2ND AVE BETWEEN BLANCHARD ST AND BELL ST,4,0.46854247651441533
2ND AVE BETWEEN BLANCHARD ST AND BELL ST,5,0.41029383975812544
2ND AVE BETWEEN BROAD ST AND 2ND WR AVE,0,0.4168915343915344
2ND AVE BETWEEN BROAD ST AND 2ND WR AVE,1,0.4813941798941798
2ND AVE BETWEEN BROAD ST AND 2ND WR AVE,2,0.49688280986153327
2ND AVE BETWEEN BROAD ST AND 2ND WR AVE,3,0.5139252645502645
2ND AVE BETWEEN BROAD ST AND 2ND WR AVE,4,0.4946213961775186
2ND AVE BETWEEN BROAD ST AND 2ND WR AVE,5,0.4928881448412698
2ND AVE BETWEEN CEDAR ST AND CLAY ST,0,0.21316964285714285
2ND AVE BETWEEN CEDAR ST AND CLAY ST,1,0.24243569958847733
2ND AVE BETWEEN CEDAR ST AND CLAY ST,2,0.28761574074074076
2ND AVE BETWEEN CEDAR ST AND CLAY ST,3,0.28718653549382717
2ND AVE BETWEEN CEDAR ST AND CLAY ST,4,0.2439200680272109
2ND AVE BETWEEN CEDAR ST AND CLAY ST,5,0.2751929012345679
2ND AVE BETWEEN CLAY ST AND BROAD ST,0,0.26983851410934745
2ND AVE BETWEEN CLAY ST AND BROAD ST,1,0.27934413580246914
2ND AVE BETWEEN CLAY ST AND BROAD ST,2,0.31815528959810874
2ND AVE BETWEEN CLAY ST AND BROAD ST,3,0.3294162326388889
2ND AVE BETWEEN CLAY ST AND BROAD ST,4,0.2605442176870748
2ND AVE BETWEEN CLAY ST AND BROAD ST,5,0.24186077353395063
2ND AVE BETWEEN LENORA ST AND BLANCHARD ST,0,0.3045487948265726
2ND AVE BETWEEN LENORA ST AND BLANCHARD ST,1,0.2963854595336076
2ND AVE BETWEEN LENORA ST AND BLANCHARD ST,2,0.34454294720252165
2ND AVE BETWEEN LENORA ST AND BLANCHARD ST,3,0.3463252314814815
2ND AVE BETWEEN LENORA ST AND BLANCHARD ST,4,0.36622260015117153
2ND AVE BETWEEN LENORA ST AND BLANCHARD ST,5,0.3765924612555818
2ND AVE BETWEEN STEWART ST AND VIRGINIA ST,0,0.30590711466736054
2ND AVE BETWEEN STEWART ST AND VIRGINIA ST,1,0.2995830622777344
2ND AVE BETWEEN STEWART ST AND VIRGINIA ST,2,0.2919893208707736
2ND AVE BETWEEN STEWART ST AND VIRGINIA ST,3,0.30341838380388586
2ND AVE BETWEEN STEWART ST AND VIRGINIA ST,4,0.3266334363565879
2ND AVE BETWEEN STEWART ST AND VIRGINIA ST,5,0.445754794973545
2ND AVE BETWEEN VINE ST AND CEDAR ST,0,0.29620712868480725
2ND AVE BETWEEN VINE ST AND CEDAR ST,1,0.3152386463844797
2ND AVE BETWEEN VINE ST AND CEDAR ST,2,0.3035038838230327
2ND AVE BETWEEN VINE ST AND CEDAR ST,3,0.3585994336970899
2ND AVE BETWEEN VINE ST AND CEDAR ST,4,0.3339224975704567
2ND AVE BETWEEN VINE ST AND CEDAR ST,5,0.33870184358465605
2ND AVE BETWEEN VIRGINIA ST AND LENORA ST,0,0.3491469622153658
2ND AVE BETWEEN VIRGINIA ST AND LENORA ST,1,0.37935264694827536
2ND AVE BETWEEN VIRGINIA ST AND LENORA ST,2,0.40523389906673823
2ND AVE BETWEEN VIRGINIA ST AND LENORA ST,3,0.37573837803943677
2ND AVE BETWEEN VIRGINIA ST AND LENORA ST,4,0.4552571509998743
2ND AVE BETWEEN VIRGINIA ST AND LENORA ST,5,0.5279982363315696
2ND AVE BETWEEN WALL ST AND VINE ST,0,0.5017836474867725
2ND AVE BETWEEN WALL ST AND VINE ST,1,0.553735725308642
2ND AVE BETWEEN WALL ST AND VINE ST,2,0.5715466164302601
2ND AVE BETWEEN WALL ST AND VINE ST,3,0.5774569589120371
2ND AVE BETWEEN WALL ST AND VINE ST,4,0.5552051445578231
2ND AVE BETWEEN WALL ST AND VINE ST,5,0.4145167824074074
3RD AVE BETWEEN BATTERY ST AND WALL ST,0,0.5669942050894432
3RD AVE BETWEEN BATTERY ST AND WALL ST,1,0.5531297766019989
3RD AVE BETWEEN BATTERY ST AND WALL ST,2,0.5581173308566926
3RD AVE BETWEEN BATTERY ST AND WALL ST,3,0.6108183145943563
3RD AVE BETWEEN BATTERY ST AND WALL ST,4,0.6278705728323075
3RD AVE BETWEEN BATTERY ST AND WALL ST,5,0.4861242008377425
3RD AVE BETWEEN BELL ST AND BATTERY ST,0,0.47803406084656086
3RD AVE BETWEEN BELL ST AND BATTERY ST,1,0.5136304012345678
3RD AVE BETWEEN BELL ST AND BATTERY ST,2,0.48963504728132384
3RD AVE BETWEEN BELL ST AND BATTERY ST,3,0.5227936921296297
3RD AVE BETWEEN BELL ST AND BATTERY ST,4,0.49191468253968257
3RD AVE BETWEEN BELL ST AND BATTERY ST,5,0.41537543402777777
3RD AVE BETWEEN BLANCHARD ST AND BELL ST,0,0.20576361331569665
3RD AVE BETWEEN BLANCHARD ST AND BELL ST,1,0.24149562757201648
3RD AVE BETWEEN BLANCHARD ST AND BELL ST,2,0.24534081954294723
3RD AVE BETWEEN BLANCHARD ST AND BELL ST,3,0.23700810185185184
3RD AVE BETWEEN BLANCHARD ST AND BELL ST,4,0.2496787603930461
3RD AVE BETWEEN BLANCHARD ST AND BELL ST,5,0.2150469057122748
3RD AVE BETWEEN CEDAR ST AND CLAY ST,0,0.4271908068783069
3RD AVE BETWEEN CEDAR ST AND CLAY ST,1,0.4376646090534979
3RD AVE BETWEEN CEDAR ST AND CLAY ST,2,0.4778467297084318
3RD AVE BETWEEN CEDAR ST AND CLAY ST,3,0.4653368537808642
3RD AVE BETWEEN CEDAR ST AND CLAY ST,4,0.4642851237717309
3RD AVE BETWEEN CEDAR ST AND CLAY ST,5,0.45141059027777775
3RD AVE BETWEEN CLAY ST AND BROAD ST,0,0.38731605489417986
3RD AVE BETWEEN CLAY ST AND BROAD ST,1,0.462349537037037
3RD AVE BETWEEN CLAY ST AND BROAD ST,2,0.47729388297872344
3RD AVE BETWEEN CLAY ST AND BROAD ST,3,0.48022641782407405
3RD AVE BETWEEN CLAY ST AND BROAD ST,4,0.4115522250566893
3RD AVE BETWEEN CLAY ST AND BROAD ST,5,0.4586986400462963
3RD AVE BETWEEN LENORA ST AND BLANCHARD ST,0,0.14001837154614932
3RD AVE BETWEEN LENORA ST AND BLANCHARD ST,1,0.15014849108367628
3RD AVE BETWEEN LENORA ST AND BLANCHARD ST,2,0.13746601654846335
3RD AVE BETWEEN LENORA ST AND BLANCHARD ST,3,0.14666939943415638
3RD AVE BETWEEN LENORA ST AND BLANCHARD ST,4,0.17790548626858152
3RD AVE BETWEEN LENORA ST AND BLANCHARD ST,5,0.1788885673868313
3RD AVE BETWEEN VINE ST AND CEDAR ST,0,0.33920940170940167
3RD AVE BETWEEN VINE ST AND CEDAR ST,1,0.16414141414141414
3RD AVE BETWEEN VINE ST AND CEDAR ST,2,0.20877777777777778
3RD AVE BETWEEN VINE ST AND CEDAR ST,3,0.2705387205387206
3RD AVE BETWEEN VINE ST AND CEDAR ST,4,0.31968253968253973
3RD AVE BETWEEN VINE ST AND CEDAR ST,5,0.25995872033023737
3RD AVE BETWEEN WALL ST AND VINE ST,0,0.46482124485596704
3RD AVE BETWEEN WALL ST AND VINE ST,1,0.42677623456790126
3RD AVE BETWEEN WALL ST AND VINE ST,2,0.46753496847911735
3RD AVE BETWEEN WALL ST AND VINE ST,3,0.5019679140946501
3RD AVE BETWEEN WALL ST AND VINE ST,4,0.5244814499874023
3RD AVE BETWEEN WALL ST AND VINE ST,5,0.4131544174382716
4TH AVE BETWEEN BATTERY ST AND WALL ST,0,0.5991071428571428
4TH AVE BETWEEN BATTERY ST AND WALL ST,1,0.604835390946502
4TH AVE BETWEEN BATTERY ST AND WALL ST,2,0.6294063567113213
4TH AVE BETWEEN BATTERY ST AND WALL ST,3,0.6612943672839506
4TH AVE BETWEEN BATTERY ST AND WALL ST,4,0.6472789115646258
4TH AVE BETWEEN BATTERY ST AND WALL ST,5,0.5612654320987654
4TH AVE BETWEEN BELL ST AND BATTERY ST,0,0.4141012743125419
4TH AVE BETWEEN BELL ST AND BATTERY ST,1,0.4058074874686717
4TH AVE BETWEEN BELL ST AND BATTERY ST,2,0.39418354818907303
4TH AVE BETWEEN BELL ST AND BATTERY ST,3,0.4070052083333333
4TH AVE BETWEEN BELL ST AND BATTERY ST,4,0.42456043144208033
4TH AVE BETWEEN BELL ST AND BATTERY ST,5,0.4024356617647059
4TH AVE BETWEEN BLANCHARD ST AND BELL ST,0,0.19484560196592499
4TH AVE BETWEEN BLANCHARD ST AND BELL ST,1,0.21942722612911203
4TH AVE BETWEEN BLANCHARD ST AND BELL ST,2,0.234146851961205
4TH AVE BETWEEN BLANCHARD ST AND BELL ST,3,0.25065836881220466
4TH AVE BETWEEN BLANCHARD ST AND BELL ST,4,0.24888278388278387
4TH AVE BETWEEN BLANCHARD ST AND BELL ST,5,0.2422435217547856
4TH AVE BETWEEN CEDAR ST AND CLAY ST,0,0.4982831790123457
4TH AVE BETWEEN CEDAR ST AND CLAY ST,1,0.4228446502057613
4TH AVE BETWEEN CEDAR ST AND CLAY ST,2,0.4628152088258471
4TH AVE BETWEEN CEDAR ST AND CLAY ST,3,0.5032552083333334
4TH AVE BETWEEN CEDAR ST AND CLAY ST,4,0.5227040816326531
4TH AVE BETWEEN CEDAR ST AND CLAY ST,5,0.5716989776234568
4TH AVE BETWEEN LENORA ST AND BLANCHARD ST,0,0.4060079548794826
4TH AVE BETWEEN LENORA ST AND BLANCHARD ST,1,0.4201650377229081
4TH AVE BETWEEN LENORA ST AND BLANCHARD ST,2,0.4510338685316522
4TH AVE BETWEEN LENORA ST AND BLANCHARD ST,3,0.4635726112397119
4TH AVE BETWEEN LENORA ST AND BLANCHARD ST,4,0.46187208679768205
4TH AVE BETWEEN LENORA ST AND BLANCHARD ST,5,0.4490326806841563
4TH AVE BETWEEN STEWART ST AND VIRGINIA ST,0,0.45617835097001763
4TH AVE BETWEEN STEWART ST AND VIRGINIA ST,1,0.4600360082304527
4TH AVE BETWEEN STEWART ST AND VIRGINIA ST,2,0.4712864460204885
4TH AVE BETWEEN STEWART ST AND VIRGINIA ST,3,0.4901572145061729
4TH AVE BETWEEN STEWART ST AND VIRGINIA ST,4,0.5254204459561602
4TH AVE BETWEEN STEWART ST AND VIRGINIA ST,5,0.5215518904320988
4TH AVE BETWEEN VINE ST AND CEDAR ST,0,0.3021949404761905
4TH AVE BETWEEN VINE ST AND CEDAR ST,1,0.30244598765432096
4TH AVE BETWEEN VINE ST AND CEDAR ST,2,0.33561059397163123
4TH AVE BETWEEN VINE ST AND CEDAR ST,3,0.38204029224537034
4TH AVE BETWEEN VINE ST AND CEDAR ST,4,0.3533092403628118
4TH AVE BETWEEN VINE ST AND CEDAR ST,5,0.38761754918981484
4TH AVE BETWEEN VIRGINIA ST AND LENORA ST,0,0.4404486331569665
4TH AVE BETWEEN VIRGINIA ST AND LENORA ST,1,0.410190329218107
4TH AVE BETWEEN VIRGINIA ST AND LENORA ST,2,0.4295262017336485
4TH AVE BETWEEN VIRGINIA ST AND LENORA ST,3,0.46711516203703707
4TH AVE BETWEEN VIRGINIA ST AND LENORA ST,4,0.4748677248677249
4TH AVE BETWEEN VIRGINIA ST AND LENORA ST,5,0.5291027215060363
4TH AVE BETWEEN WALL ST AND VINE ST,0,0.5762070105820105
4TH AVE BETWEEN WALL ST AND VINE ST,1,0.5725268959435627
4TH AVE BETWEEN WALL ST AND VINE ST,2,0.6114370145221208
4TH AVE BETWEEN WALL ST AND VINE ST,3,0.6355716765873016
4TH AVE BETWEEN WALL ST AND VINE ST,4,0.6260374149659864
4TH AVE BETWEEN WALL ST AND VINE ST,5,0.6135565476190475
5TH AVE BETWEEN BATTERY ST AND WALL ST,0,0.4518737599206349
5TH AVE BETWEEN BATTERY ST AND WALL ST,1,0.5157854938271604
5TH AVE BETWEEN BATTERY ST AND WALL ST,2,0.5105991430260047
5TH AVE BETWEEN BATTERY ST AND WALL ST,3,0.5211841724537037
5TH AVE BETWEEN BATTERY ST AND WALL ST,4,0.4523356009070295
5TH AVE BETWEEN BATTERY ST AND WALL ST,5,0.3961570457175926
5TH AVE BETWEEN BELL ST AND BATTERY ST,0,0.6218063930117502
5TH AVE BETWEEN BELL ST AND BATTERY ST,1,0.6562622716789384
5TH AVE BETWEEN BELL ST AND BATTERY ST,2,0.6577082906226694
5TH AVE BETWEEN BELL ST AND BATTERY ST,3,0.6668642338564214
5TH AVE BETWEEN BELL ST AND BATTERY ST,4,0.6131012199251995
5TH AVE BETWEEN BELL ST AND BATTERY ST,5,0.4057457950036075
5TH AVE BETWEEN BLANCHARD ST AND BELL ST,0,0.3562756283068783
5TH AVE BETWEEN BLANCHARD ST AND BELL ST,1,0.43390586419753086
5TH AVE BETWEEN BLANCHARD ST AND BELL ST,2,0.4558318557919621
5TH AVE BETWEEN BLANCHARD ST AND BELL ST,3,0.4479796006944444
5TH AVE BETWEEN BLANCHARD ST AND BELL ST,4,0.45918581345561343
5TH AVE BETWEEN BLANCHARD ST AND BELL ST,5,0.34286217206790126
5TH AVE BETWEEN LENORA ST AND BLANCHARD ST,0,0.3288477891156462
5TH AVE BETWEEN LENORA ST AND BLANCHARD ST,1,0.39308840388007055
5TH AVE BETWEEN LENORA ST AND BLANCHARD ST,2,0.40419284025667
5TH AVE BETWEEN LENORA ST AND BLANCHARD ST,3,0.40515583664021165
5TH AVE BETWEEN LENORA ST AND BLANCHARD ST,4,0.4110236475542598
5TH AVE BETWEEN LENORA ST AND BLANCHARD ST,5,0.3396912202380952
5TH AVE BETWEEN STEWART ST AND VIRGINIA ST,0,0.3643335136644591
5TH AVE BETWEEN STEWART ST AND VIRGINIA ST,1,0.4154670795193671
5TH AVE BETWEEN STEWART ST AND VIRGINIA ST,2,0.418602339153932
5TH AVE BETWEEN STEWART ST AND VIRGINIA ST,3,0.4230805074555074
5TH AVE BETWEEN STEWART ST AND VIRGINIA ST,4,0.41391635103369795
5TH AVE BETWEEN STEWART ST AND VIRGINIA ST,5,0.4536966393809607
5TH AVE BETWEEN TAYLOR AVE AND DENNY WAY,0,0.3898451278659612
5TH AVE BETWEEN TAYLOR AVE AND DENNY WAY,1,0.3480221193415638
5TH AVE BETWEEN TAYLOR AVE AND DENNY WAY,2,0.39792159180457054
5TH AVE BETWEEN TAYLOR AVE AND DENNY WAY,3,0.4066237461419753
5TH AVE BETWEEN TAYLOR AVE AND DENNY WAY,4,0.40288861938520293
5TH AVE BETWEEN TAYLOR AVE AND DENNY WAY,5,0.4615313003220612
5TH AVE BETWEEN VIRGINIA ST AND LENORA ST,0,0.29100089725089723
5TH AVE BETWEEN VIRGINIA ST AND LENORA ST,1,0.35307001640334973
5TH AVE BETWEEN VIRGINIA ST AND LENORA ST,2,0.35461788507001274
5TH AVE BETWEEN VIRGINIA ST AND LENORA ST,3,0.34792223112535614
5TH AVE BETWEEN VIRGINIA ST AND LENORA ST,4,0.3674733005090148
5TH AVE BETWEEN VIRGINIA ST AND LENORA ST,5,0.3261514382608133
5TH AVE BETWEEN WALL ST AND VINE ST,0,0.34141340178046525
5TH AVE BETWEEN WALL ST AND VINE ST,1,0.3192955124436606
5TH AVE BETWEEN WALL ST AND VINE ST,2,0.3487525329280648
5TH AVE BETWEEN WALL ST AND VINE ST,3,0.39009084729570837
5TH AVE BETWEEN WALL ST AND VINE ST,4,0.37494049907544713
5TH AVE BETWEEN WALL ST AND VINE ST,5,0.43907268422666973
ALASKAN WAY BETWEEN BLANCHARD ST AND XW BELL ST,0,0.1919850948509485
ALASKAN WAY BETWEEN BLANCHARD ST AND XW BELL ST,1,0.24575096899224808
ALASKAN WAY BETWEEN BLANCHARD ST AND XW BELL ST,2,0.20105620155038761
ALASKAN WAY BETWEEN BLANCHARD ST AND XW BELL ST,3,0.2810254137115839
ALASKAN WAY BETWEEN BLANCHARD ST AND XW BELL ST,4,0.24381205673758863
ALASKAN WAY BETWEEN BLANCHARD ST AND XW BELL ST,5,0.3029050925925926
ALASKAN WAY BETWEEN CLAY ST AND BROAD ST,0,0.620271164021164
ALASKAN WAY BETWEEN CLAY ST AND BROAD ST,1,0.7325679012345678
ALASKAN WAY BETWEEN CLAY ST AND BROAD ST,2,0.7422695035460992
ALASKAN WAY BETWEEN CLAY ST AND BROAD ST,3,0.7561168981481481
ALASKAN WAY BETWEEN CLAY ST AND BROAD ST,4,0.7015362811791384
ALASKAN WAY BETWEEN CLAY ST AND BROAD ST,5,0.6891550925925926
ALASKAN WAY BETWEEN LENORA ST AND BLANCHARD ST,0,0.3378834706959707
ALASKAN WAY BETWEEN LENORA ST AND BLANCHARD ST,1,0.35524364909781575
ALASKAN WAY BETWEEN LENORA ST AND BLANCHARD ST,2,0.35654266684851793
ALASKAN WAY BETWEEN LENORA ST AND BLANCHARD ST,3,0.40400641025641026
ALASKAN WAY BETWEEN LENORA ST AND BLANCHARD ST,4,0.42231079931972787
ALASKAN WAY BETWEEN LENORA ST AND BLANCHARD ST,5,0.4785268930288462
ALASKAN WAY BETWEEN PINE ST AND VIRGINIA ST,0,0.22313762626262626
ALASKAN WAY BETWEEN PINE ST AND VIRGINIA ST,1,0.26616161616161615
ALASKAN WAY BETWEEN PINE ST AND VIRGINIA ST,2,0.24567550505050506
ALASKAN WAY BETWEEN PINE ST AND VIRGINIA ST,3,0.243844696969697
ALASKAN WAY BETWEEN PINE ST AND VIRGINIA ST,4,0.3933291245791246
ALASKAN WAY BETWEEN PINE ST AND VIRGINIA ST,5,0.3317620650953984
ALASKAN WAY BETWEEN VINE ST AND CLAY ST,0,0.27109057030932027
ALASKAN WAY BETWEEN VINE ST AND CLAY ST,1,0.3527356362773029
ALASKAN WAY BETWEEN VINE ST AND CLAY ST,2,0.3467513979814512
ALASKAN WAY BETWEEN VINE ST AND CLAY ST,3,0.364196047008547
ALASKAN WAY BETWEEN VINE ST AND CLAY ST,4,0.3411417451596023
ALASKAN WAY BETWEEN VINE ST AND CLAY ST,5,0.3914965845834229
ALASKAN WAY BETWEEN VIRGINIA ST AND LENORA ST,0,0.238820241638322
ALASKAN WAY BETWEEN VIRGINIA ST AND LENORA ST,1,0.24483424272486773
ALASKAN WAY BETWEEN VIRGINIA ST AND LENORA ST,2,0.24739345871327253
ALASKAN WAY BETWEEN VIRGINIA ST AND LENORA ST,3,0.24610421316964284
ALASKAN WAY BETWEEN VIRGINIA ST AND LENORA ST,4,0.29089794399902813
ALASKAN WAY BETWEEN VIRGINIA ST AND LENORA ST,5,0.38557322668650795
ALASKAN WAY BETWEEN WALL ST AND VINE ST,0,0.3158179012345679
ALASKAN WAY BETWEEN WALL ST AND VINE ST,1,0.3118827160493827
ALASKAN WAY BETWEEN WALL ST AND VINE ST,2,0.33694444444444444
ALASKAN WAY BETWEEN WALL ST AND VINE ST,3,0.3444010416666667
ALASKAN WAY BETWEEN WALL ST AND VINE ST,4,0.33734410430839
ALASKAN WAY BETWEEN WALL ST AND VINE ST,5,0.45244020061728396
ALASKAN WAY BETWEEN XW BELL ST AND WALL ST,0,0.2133774250440917
ALASKAN WAY BETWEEN XW BELL ST AND WALL ST,1,0.23573422496570645
ALASKAN WAY BETWEEN XW BELL ST AND WALL ST,2,0.19302239296033624
ALASKAN WAY BETWEEN XW BELL ST AND WALL ST,3,0.2736516203703704
ALASKAN WAY BETWEEN XW BELL ST AND WALL ST,4,0.20511054421768707
ALASKAN WAY BETWEEN XW BELL ST AND WALL ST,5,0.2736056455761317
BATTERY ST BETWEEN 1ST AVE AND 2ND AVE,0,0.4925862706193589
BATTERY ST BETWEEN 1ST AVE AND 2ND AVE,1,0.5351624909222948
BATTERY ST BETWEEN 1ST AVE AND 2ND AVE,2,0.5690223673689334
BATTERY ST BETWEEN 1ST AVE AND 2ND AVE,3,0.5888237847222223
BATTERY ST BETWEEN 1ST AVE AND 2ND AVE,4,0.5507939634187009
BATTERY ST BETWEEN 1ST AVE AND 2ND AVE,5,0.5287416811342592
BATTERY ST BETWEEN 2ND AVE AND 3RD AVE,0,0.44678406084656086
BATTERY ST BETWEEN 2ND AVE AND 3RD AVE,1,0.49931905864197534
BATTERY ST BETWEEN 2ND AVE AND 3RD AVE,2,0.5099604757683215
BATTERY ST BETWEEN 2ND AVE AND 3RD AVE,3,0.5447247540509259
BATTERY ST BETWEEN 2ND AVE AND 3RD AVE,4,0.5414717970521542
BATTERY ST BETWEEN 2ND AVE AND 3RD AVE,5,0.3790165653935185
BATTERY ST BETWEEN 3RD AVE AND 4TH AVE,0,0.3134259259259259
BATTERY ST BETWEEN 3RD AVE AND 4TH AVE,1,0.3047558922558922
BATTERY ST BETWEEN 3RD AVE AND 4TH AVE,2,0.3375098502758077
BATTERY ST BETWEEN 3RD AVE AND 4TH AVE,3,0.35027970679012344
BATTERY ST BETWEEN 3RD AVE AND 4TH AVE,4,0.29641912320483743
BATTERY ST BETWEEN 3RD AVE AND 4TH AVE,5,0.4578028549382716
BATTERY ST BETWEEN 4TH AVE AND 5TH AVE,0,0.4372705853174603
BATTERY ST BETWEEN 4TH AVE AND 5TH AVE,1,0.4808082561728395
BATTERY ST BETWEEN 4TH AVE AND 5TH AVE,2,0.49027962470449177
BATTERY ST BETWEEN 4TH AVE AND 5TH AVE,3,0.4923014322916667
BATTERY ST BETWEEN 4TH AVE AND 5TH AVE,4,0.46857461734693884
BATTERY ST BETWEEN 4TH AVE AND 5TH AVE,5,0.3537235966435185
BATTERY ST BETWEEN 5TH AVE AND AURORA AVE,0,0.5096684854497354
BATTERY ST BETWEEN 5TH AVE AND AURORA AVE,1,0.5536972736625514
BATTERY ST BETWEEN 5TH AVE AND AURORA AVE,2,0.5701844464144996
BATTERY ST BETWEEN 5TH AVE AND AURORA AVE,3,0.5605794270833333
BATTERY ST BETWEEN 5TH AVE AND AURORA AVE,4,0.5566232048374905
BATTERY ST BETWEEN 5TH AVE AND AURORA AVE,5,0.42496383101851853
BATTERY ST BETWEEN ELLIOTT AVE AND WESTERN AVE,0,0.28186236300075584
BATTERY ST BETWEEN ELLIOTT AVE AND WESTERN AVE,1,0.3384000220458554
BATTERY ST BETWEEN ELLIOTT AVE AND WESTERN AVE,2,0.33949415315771697
BATTERY ST BETWEEN ELLIOTT AVE AND WESTERN AVE,3,0.3853577628968254
BATTERY ST BETWEEN ELLIOTT AVE AND WESTERN AVE,4,0.39221736313573047
BATTERY ST BETWEEN ELLIOTT AVE AND WESTERN AVE,5,0.36949353091931214
BAY ST BETWEEN WESTERN AVE AND 1ST AVE,0,0.31861083553791886
BAY ST BETWEEN WESTERN AVE AND 1ST AVE,1,0.3514274691358025
BAY ST BETWEEN WESTERN AVE AND 1ST AVE,2,0.37973798266351455
BAY ST BETWEEN WESTERN AVE AND 1ST AVE,3,0.36768663194444445
BAY ST BETWEEN WESTERN AVE AND 1ST AVE,4,0.30085742630385487
BAY ST BETWEEN WESTERN AVE AND 1ST AVE,5,0.25314308449074074
BELL ST BETWEEN 1ST AVE AND 2ND AVE,0,0.16515074525745257
BELL ST BETWEEN 1ST AVE AND 2ND AVE,1,0.16030092592592593
BELL ST BETWEEN 1ST AVE AND 2ND AVE,2,0.1703088061465721
BELL ST BETWEEN 1ST AVE AND 2ND AVE,3,0.20873842592592592
BELL ST BETWEEN 1ST AVE AND 2ND AVE,4,0.22485119047619048
BELL ST BETWEEN 1ST AVE AND 2ND AVE,5,0.2697193287037037
BELL ST BETWEEN 2ND AVE AND 3RD AVE,0,0.26116319444444447
BELL ST BETWEEN 2ND AVE AND 3RD AVE,1,0.2498546511627907
BELL ST BETWEEN 2ND AVE AND 3RD AVE,2,0.25993827160493826
BELL ST BETWEEN 2ND AVE AND 3RD AVE,3,0.27090721040189125
BELL ST BETWEEN 2ND AVE AND 3RD AVE,4,0.23714539007092197
BELL ST BETWEEN 2ND AVE AND 3RD AVE,5,0.23337765957446807
BELL ST BETWEEN 3RD AVE AND 4TH AVE,0,0.17697772657450078
BELL ST BETWEEN 3RD AVE AND 4TH AVE,1,0.1702078928823115
BELL ST BETWEEN 3RD AVE AND 4TH AVE,2,0.19765861349744718
BELL ST BETWEEN 3RD AVE AND 4TH AVE,3,0.17142210144927536
BELL ST BETWEEN 3RD AVE AND 4TH AVE,4,0.16183785529715763
BELL ST BETWEEN 3RD AVE AND 4TH AVE,5,0.15472222222222223
BELL ST BETWEEN 4TH AVE AND 5TH AVE,0,0.12373611111111112
BELL ST BETWEEN 4TH AVE AND 5TH AVE,1,0.13972222222222222
BELL ST BETWEEN 4TH AVE AND 5TH AVE,2,0.1498404255319149
BELL ST BETWEEN 4TH AVE AND 5TH AVE,3,0.15849637681159423
BELL ST BETWEEN 4TH AVE AND 5TH AVE,4,0.15054678035597802
BELL ST BETWEEN 4TH AVE AND 5TH AVE,5,0.10610479797979798
BELL ST BETWEEN 5TH AVE AND 6TH AVE,0,0.21222139055222888
BELL ST BETWEEN 5TH AVE AND 6TH AVE,1,0.25758536967418544
BELL ST BETWEEN 5TH AVE AND 6TH AVE,2,0.2468324452338662
BELL ST BETWEEN 5TH AVE AND 6TH AVE,3,0.24134476273148145
BELL ST BETWEEN 5TH AVE AND 6TH AVE,4,0.2501736111111111
BELL ST BETWEEN 5TH AVE AND 6TH AVE,5,0.20713975694444445
BELL ST BETWEEN ELLIOTT AVE AND WESTERN AVE,0,0.14876543209876542
BELL ST BETWEEN ELLIOTT AVE AND WESTERN AVE,1,0.17590534979423866
BELL ST BETWEEN ELLIOTT AVE AND WESTERN AVE,2,0.1666839046493302
BELL ST BETWEEN ELLIOTT AVE AND WESTERN AVE,3,0.22148196373456788
BELL ST BETWEEN ELLIOTT AVE AND WESTERN AVE,4,0.2411115835222978
BELL ST BETWEEN ELLIOTT AVE AND WESTERN AVE,5,0.28538532021604934
BELL ST BETWEEN WESTERN AVE AND 1ST AVE,0,0.3022740299823633
BELL ST BETWEEN WESTERN AVE AND 1ST AVE,1,0.3306450617283951
BELL ST BETWEEN WESTERN AVE AND 1ST AVE,2,0.35060135933806147
BELL ST BETWEEN WESTERN AVE AND 1ST AVE,3,0.40791329089506173
BELL ST BETWEEN WESTERN AVE AND 1ST AVE,4,0.4376327475434619
BELL ST BETWEEN WESTERN AVE AND 1ST AVE,5,0.4913218557098765
BLANCHARD ST BETWEEN 1ST AVE AND 2ND AVE,0,0.19848904839713666
BLANCHARD ST BETWEEN 1ST AVE AND 2ND AVE,1,0.22326366194626
BLANCHARD ST BETWEEN 1ST AVE AND 2ND AVE,2,0.23916983903490477
BLANCHARD ST BETWEEN 1ST AVE AND 2ND AVE,3,0.25934266067538125
BLANCHARD ST BETWEEN 1ST AVE AND 2ND AVE,4,0.2860267023476057
BLANCHARD ST BETWEEN 1ST AVE AND 2ND AVE,5,0.3930734272875817
BLANCHARD ST BETWEEN 2ND AVE AND 3RD AVE,0,0.19678512074345408
BLANCHARD ST BETWEEN 2ND AVE AND 3RD AVE,1,0.2405866571699905
BLANCHARD ST BETWEEN 2ND AVE AND 3RD AVE,2,0.2297824604473541
BLANCHARD ST BETWEEN 2ND AVE AND 3RD AVE,3,0.21746920999525166
BLANCHARD ST BETWEEN 2ND AVE AND 3RD AVE,4,0.2451181754753183
BLANCHARD ST BETWEEN 2ND AVE AND 3RD AVE,5,0.2316304605887939
BLANCHARD ST BETWEEN 3RD AVE AND 4TH AVE,0,0.18745283545840924
BLANCHARD ST BETWEEN 3RD AVE AND 4TH AVE,1,0.2477422192988374
BLANCHARD ST BETWEEN 3RD AVE AND 4TH AVE,2,0.268075972001533
BLANCHARD ST BETWEEN 3RD AVE AND 4TH AVE,3,0.2783871401285165
BLANCHARD ST BETWEEN 3RD AVE AND 4TH AVE,4,0.2687201374174442
BLANCHARD ST BETWEEN 3RD AVE AND 4TH AVE,5,0.20923482510288066
BLANCHARD ST BETWEEN 4TH AVE AND 5TH AVE,0,0.46838890876629946
BLANCHARD ST BETWEEN 4TH AVE AND 5TH AVE,1,0.4808039870471565
BLANCHARD ST BETWEEN 4TH AVE AND 5TH AVE,2,0.5164081171117053
BLANCHARD ST BETWEEN 4TH AVE AND 5TH AVE,3,0.5108870413061628
BLANCHARD ST BETWEEN 4TH AVE AND 5TH AVE,4,0.557173294793383
BLANCHARD ST BETWEEN 4TH AVE AND 5TH AVE,5,0.5026945891203703
BLANCHARD ST BETWEEN 5TH AVE AND 6TH AVE,0,0.3612906273620559
BLANCHARD ST BETWEEN 5TH AVE AND 6TH AVE,1,0.36144620811287476
BLANCHARD ST BETWEEN 5TH AVE AND 6TH AVE,2,0.36892941573792637
BLANCHARD ST BETWEEN 5TH AVE AND 6TH AVE,3,0.3735987103174603
BLANCHARD ST BETWEEN 5TH AVE AND 6TH AVE,4,0.3826287657920311
BLANCHARD ST BETWEEN 5TH AVE AND 6TH AVE,5,0.27424768518518516
BLANCHARD ST BETWEEN WESTERN AVE AND 1ST AVE,0,0.3454489087301587
BLANCHARD ST BETWEEN WESTERN AVE AND 1ST AVE,1,0.3829108796296296
BLANCHARD ST BETWEEN WESTERN AVE AND 1ST AVE,2,0.40204011524822697
BLANCHARD ST BETWEEN WESTERN AVE AND 1ST AVE,3,0.45250578703703703
BLANCHARD ST BETWEEN WESTERN AVE AND 1ST AVE,4,0.49229095804988665
BLANCHARD ST BETWEEN WESTERN AVE AND 1ST AVE,5,0.5075600405092593
BROAD ST BETWEEN 2ND AVE AND 3RD AVE,0,0.3726718002015621
BROAD ST BETWEEN 2ND AVE AND 3RD AVE,1,0.4676550558495003
BROAD ST BETWEEN 2ND AVE AND 3RD AVE,2,0.465936339074637
BROAD ST BETWEEN 2ND AVE AND 3RD AVE,3,0.47457975088183424
BROAD ST BETWEEN 2ND AVE AND 3RD AVE,4,0.4556230428679408
BROAD ST BETWEEN 2ND AVE AND 3RD AVE,5,0.3551493846330803
BROAD ST BETWEEN WESTERN AVE AND 1ST AVE,0,0.21429894179894182
BROAD ST BETWEEN WESTERN AVE AND 1ST AVE,1,0.20178395061728396
BROAD ST BETWEEN WESTERN AVE AND 1ST AVE,2,0.20440898345153666
BROAD ST BETWEEN WESTERN AVE AND 1ST AVE,3,0.21502893518518518
BROAD ST BETWEEN WESTERN AVE AND 1ST AVE,4,0.2534353741496599
BROAD ST BETWEEN WESTERN AVE AND 1ST AVE,5,0.26460401891252955
CEDAR ST BETWEEN 1ST AVE AND 2ND AVE,0,0.1978936988936989
CEDAR ST BETWEEN 1ST AVE AND 2ND AVE,1,0.2674751041100851
CEDAR ST BETWEEN 1ST AVE AND 2ND AVE,2,0.26647041062801935
CEDAR ST BETWEEN 1ST AVE AND 2ND AVE,3,0.29314467710231945
CEDAR ST BETWEEN 1ST AVE AND 2ND AVE,4,0.27311213527458433
CEDAR ST BETWEEN 1ST AVE AND 2ND AVE,5,0.37268143430721
CEDAR ST BETWEEN 2ND AVE AND 3RD AVE,0,0.2672066326530612
CEDAR ST BETWEEN 2ND AVE AND 3RD AVE,1,0.3010612874779542
CEDAR ST BETWEEN 2ND AVE AND 3RD AVE,2,0.3142869807497467
CEDAR ST BETWEEN 2ND AVE AND 3RD AVE,3,0.349327876984127
CEDAR ST BETWEEN 2ND AVE AND 3RD AVE,4,0.35583333333333333
CEDAR ST BETWEEN 2ND AVE AND 3RD AVE,5,0.523011326058201
CEDAR ST BETWEEN 3RD AVE AND 4TH AVE,0,0.39253885582010584
CEDAR ST BETWEEN 3RD AVE AND 4TH AVE,1,0.3908923059964727
CEDAR ST BETWEEN 3RD AVE AND 4TH AVE,2,0.42336678909152314
CEDAR ST BETWEEN 3RD AVE AND 4TH AVE,3,0.45463427992724864
CEDAR ST BETWEEN 3RD AVE AND 4TH AVE,4,0.4612118359248461
CEDAR ST BETWEEN 3RD AVE AND 4TH AVE,5,0.5338293650793651
CEDAR ST BETWEEN 4TH AVE AND DENNY WAY,0,0.5647453703703703
CEDAR ST BETWEEN 4TH AVE AND DENNY WAY,1,0.5418950617283951
CEDAR ST BETWEEN 4TH AVE AND DENNY WAY,2,0.5477570921985816
CEDAR ST BETWEEN 4TH AVE AND DENNY WAY,3,0.5774421296296297
CEDAR ST BETWEEN 4TH AVE AND DENNY WAY,4,0.6199900793650793
CEDAR ST BETWEEN 4TH AVE AND DENNY WAY,5,0.6887774884259259
CEDAR ST BETWEEN ELLIOTT AVE AND WESTERN AVE,0,0.33482969576719573
CEDAR ST BETWEEN ELLIOTT AVE AND WESTERN AVE,1,0.4134049211248285
CEDAR ST BETWEEN ELLIOTT AVE AND WESTERN AVE,2,0.3534447235355923
CEDAR ST BETWEEN ELLIOTT AVE AND WESTERN AVE,3,0.3825492701903292
CEDAR ST BETWEEN ELLIOTT AVE AND WESTERN AVE,4,0.374399644116906
CEDAR ST BETWEEN ELLIOTT AVE AND WESTERN AVE,5,0.38638760288065843
CEDAR ST BETWEEN WESTERN AVE AND 1ST AVE,0,0.23718952087007641
CEDAR ST BETWEEN WESTERN AVE AND 1ST AVE,1,0.31353052126200276
CEDAR ST BETWEEN WESTERN AVE AND 1ST AVE,2,0.3064929734699238
CEDAR ST BETWEEN WESTERN AVE AND 1ST AVE,3,0.3094167952674897
CEDAR ST BETWEEN WESTERN AVE AND 1ST AVE,4,0.28271683673469383
CEDAR ST BETWEEN WESTERN AVE AND 1ST AVE,5,0.26740612139917697
CLAY ST BETWEEN 1ST AVE AND 2ND AVE,0,0.24768350355736152
CLAY ST BETWEEN 1ST AVE AND 2ND AVE,1,0.29285743955371796
CLAY ST BETWEEN 1ST AVE AND 2ND AVE,2,0.3122557828393947
CLAY ST BETWEEN 1ST AVE AND 2ND AVE,3,0.37192976388120275
CLAY ST BETWEEN 1ST AVE AND 2ND AVE,4,0.31218356457588425
CLAY ST BETWEEN 1ST AVE AND 2ND AVE,5,0.22915165757360229
CLAY ST BETWEEN 2ND AVE AND 3RD AVE,0,0.31131897203325776
CLAY ST BETWEEN 2ND AVE AND 3RD AVE,1,0.37340608465608466
CLAY ST BETWEEN 2ND AVE AND 3RD AVE,2,0.48134287402904424
CLAY ST BETWEEN 2ND AVE AND 3RD AVE,3,0.4387276785714286
CLAY ST BETWEEN 2ND AVE AND 3RD AVE,4,0.34352121801101393
CLAY ST BETWEEN 2ND AVE AND 3RD AVE,5,0.3345238095238095
CLAY ST BETWEEN 3RD AVE AND 4TH AVE,0,0.30147569444444444
CLAY ST BETWEEN 3RD AVE AND 4TH AVE,1,0.2950424382716049
CLAY ST BETWEEN 3RD AVE AND 4TH AVE,2,0.3218436022458629
CLAY ST BETWEEN 3RD AVE AND 4TH AVE,3,0.333714916087963
CLAY ST BETWEEN 3RD AVE AND 4TH AVE,4,0.34838966836734697
CLAY ST BETWEEN 3RD AVE AND 4TH AVE,5,0.3571144386574074
CLAY ST BETWEEN ELLIOTT AVE AND WESTERN AVE,0,0.22801974184735624
CLAY ST BETWEEN ELLIOTT AVE AND WESTERN AVE,1,0.2838477366255144
CLAY ST BETWEEN ELLIOTT AVE AND WESTERN AVE,2,0.21853232821891563
CLAY ST BETWEEN ELLIOTT AVE AND WESTERN AVE,3,0.2808165395787945
CLAY ST BETWEEN ELLIOTT AVE AND WESTERN AVE,4,0.25591542172424525
CLAY ST BETWEEN ELLIOTT AVE AND WESTERN AVE,5,0.28332028413217136
CLAY ST BETWEEN WESTERN AVE AND 1ST AVE,0,0.1862046010559253
CLAY ST BETWEEN WESTERN AVE AND 1ST AVE,1,0.21850546670281015
CLAY ST BETWEEN WESTERN AVE AND 1ST AVE,2,0.2103945207847204
CLAY ST BETWEEN WESTERN AVE AND 1ST AVE,3,0.24210699431287666
CLAY ST BETWEEN WESTERN AVE AND 1ST AVE,4,0.2796172588786974
CLAY ST BETWEEN WESTERN AVE AND 1ST AVE,5,0.2934556308892174
EAGLE ST BETWEEN 1ST AVE AND 2ND WR AVE,0,0.4013103505291005
EAGLE ST BETWEEN 1ST AVE AND 2ND WR AVE,1,0.4597723765432099
EAGLE ST BETWEEN 1ST AVE AND 2ND WR AVE,2,0.4842364804964539
EAGLE ST BETWEEN 1ST AVE AND 2ND WR AVE,3,0.5104564525462963
EAGLE ST BETWEEN 1ST AVE AND 2ND WR AVE,4,0.4651378259637188
EAGLE ST BETWEEN 1ST AVE AND 2ND WR AVE,5,0.501880787037037
EAGLE ST BETWEEN WESTERN AVE AND 1ST AVE,0,0.27287926744771984
EAGLE ST BETWEEN WESTERN AVE AND 1ST AVE,1,0.2604839065255732
EAGLE ST BETWEEN WESTERN AVE AND 1ST AVE,2,0.27399738264099965
EAGLE ST BETWEEN WESTERN AVE AND 1ST AVE,3,0.2983899636243386
EAGLE ST BETWEEN WESTERN AVE AND 1ST AVE,4,0.23915242684375337
EAGLE ST BETWEEN WESTERN AVE AND 1ST AVE,5,0.37804129464285713
ELLIOTT AVE BETWEEN BATTERY ST AND WALL ST,0,0.5066940665154951
ELLIOTT AVE BETWEEN BATTERY ST AND WALL ST,1,0.5150224867724867
ELLIOTT AVE BETWEEN BATTERY ST AND WALL ST,2,0.5281171901384667
ELLIOTT AVE BETWEEN BATTERY ST AND WALL ST,3,0.5181245866402117
ELLIOTT AVE BETWEEN BATTERY ST AND WALL ST,4,0.5095614674441206
ELLIOTT AVE BETWEEN BATTERY ST AND WALL ST,5,0.48250248015873015
ELLIOTT AVE BETWEEN BELL ST AND BATTERY ST,0,0.38246763983371124
ELLIOTT AVE BETWEEN BELL ST AND BATTERY ST,1,0.429537037037037
ELLIOTT AVE BETWEEN BELL ST AND BATTERY ST,2,0.4503498606889564
ELLIOTT AVE BETWEEN BELL ST AND BATTERY ST,3,0.49046353133267195
ELLIOTT AVE BETWEEN BELL ST AND BATTERY ST,4,0.47475426182377717
ELLIOTT AVE BETWEEN BELL ST AND BATTERY ST,5,0.45575706845238095
ELLIOTT AVE BETWEEN CEDAR ST AND CLAY ST,0,0.3687022339800118
ELLIOTT AVE BETWEEN CEDAR ST AND CLAY ST,1,0.4381652949245542
ELLIOTT AVE BETWEEN CEDAR ST AND CLAY ST,2,0.3726457840819543
ELLIOTT AVE BETWEEN CEDAR ST AND CLAY ST,3,0.43577996399176955
ELLIOTT AVE BETWEEN CEDAR ST AND CLAY ST,4,0.4111331569664903
ELLIOTT AVE BETWEEN CEDAR ST AND CLAY ST,5,0.41941702938380676
ELLIOTT AVE BETWEEN CLAY ST AND BROAD ST,0,0.4329519925254052
ELLIOTT AVE BETWEEN CLAY ST AND BROAD ST,1,0.4660011267881638
ELLIOTT AVE BETWEEN CLAY ST AND BROAD ST,2,0.44586851288978946
ELLIOTT AVE BETWEEN CLAY ST AND BROAD ST,3,0.4714960868606702
ELLIOTT AVE BETWEEN CLAY ST AND BROAD ST,4,0.48302964042759955
ELLIOTT AVE BETWEEN CLAY ST AND BROAD ST,5,0.501842895723104
ELLIOTT AVE BETWEEN LENORA ST AND BLANCHARD ST,0,0.3344196428571429
ELLIOTT AVE BETWEEN LENORA ST AND BLANCHARD ST,1,0.3558363340192044
ELLIOTT AVE BETWEEN LENORA ST AND BLANCHARD ST,2,0.3902734165324745
ELLIOTT AVE BETWEEN LENORA ST AND BLANCHARD ST,3,0.38458389596193415
ELLIOTT AVE BETWEEN LENORA ST AND BLANCHARD ST,4,0.4260409974174855
ELLIOTT AVE BETWEEN LENORA ST AND BLANCHARD ST,5,0.4534999115869341
ELLIOTT AVE BETWEEN VINE ST AND CEDAR ST,0,0.22375106292517008
ELLIOTT AVE BETWEEN VINE ST AND CEDAR ST,1,0.24896329365079364
ELLIOTT AVE BETWEEN VINE ST AND CEDAR ST,2,0.22212987588652483
ELLIOTT AVE BETWEEN VINE ST AND CEDAR ST,3,0.2404389880952381
ELLIOTT AVE BETWEEN VINE ST AND CEDAR ST,4,0.19123289196631033
ELLIOTT AVE BETWEEN VINE ST AND CEDAR ST,5,0.19315527860449733
ELLIOTT AVE BETWEEN WALL ST AND VINE ST,0,0.358869992441421
ELLIOTT AVE BETWEEN WALL ST AND VINE ST,1,0.39201984126984124
ELLIOTT AVE BETWEEN WALL ST AND VINE ST,2,0.30027756670043904
ELLIOTT AVE BETWEEN WALL ST AND VINE ST,3,0.2821678654100529
ELLIOTT AVE BETWEEN WALL ST AND VINE ST,4,0.23154842889536767
ELLIOTT AVE BETWEEN WALL ST AND VINE ST,5,0.26263289517195765
LENORA ST BETWEEN 1ST AVE AND 2ND AVE,0,0.5190724206349207
LENORA ST BETWEEN 1ST AVE AND 2ND AVE,1,0.5840972222222223
LENORA ST BETWEEN 1ST AVE AND 2ND AVE,2,0.5871269208037825
LENORA ST BETWEEN 1ST AVE AND 2ND AVE,3,0.5699978298611111
LENORA ST BETWEEN 1ST AVE AND 2ND AVE,4,0.6288548752834466
LENORA ST BETWEEN 1ST AVE AND 2ND AVE,5,0.6358669704861111
LENORA ST BETWEEN 2ND AVE AND 3RD AVE,0,0.1797883597883598
LENORA ST BETWEEN 2ND AVE AND 3RD AVE,1,0.22340740740740742
LENORA ST BETWEEN 2ND AVE AND 3RD AVE,2,0.2197281323877069
LENORA ST BETWEEN 2ND AVE AND 3RD AVE,3,0.23238425925925923
LENORA ST BETWEEN 2ND AVE AND 3RD AVE,4,0.2520691609977324
LENORA ST BETWEEN 2ND AVE AND 3RD AVE,5,0.2952719907407408
LENORA ST BETWEEN 3RD AVE AND 4TH AVE,0,0.20637814153439155
LENORA ST BETWEEN 3RD AVE AND 4TH AVE,1,0.20988811728395063
LENORA ST BETWEEN 3RD AVE AND 4TH AVE,2,0.2227873817966903
LENORA ST BETWEEN 3RD AVE AND 4TH AVE,3,0.23164424189814817
LENORA ST BETWEEN 3RD AVE AND 4TH AVE,4,0.2737634637188209
LENORA ST BETWEEN 3RD AVE AND 4TH AVE,5,0.5481807002314816
LENORA ST BETWEEN 4TH AVE AND 5TH AVE,0,0.11798186909098794
LENORA ST BETWEEN 4TH AVE AND 5TH AVE,1,0.14909008803885854
LENORA ST BETWEEN 4TH AVE AND 5TH AVE,2,0.1703831313219393
LENORA ST BETWEEN 4TH AVE AND 5TH AVE,3,0.18116138006602914
LENORA ST BETWEEN 4TH AVE AND 5TH AVE,4,0.20572172038214193
LENORA ST BETWEEN 4TH AVE AND 5TH AVE,5,0.29735966435185185
LENORA ST BETWEEN 5TH AVE AND 6TH AVE,0,0.12496054635171211
LENORA ST BETWEEN 5TH AVE AND 6TH AVE,1,0.1833126799006049
LENORA ST BETWEEN 5TH AVE AND 6TH AVE,2,0.20065563879846013
LENORA ST BETWEEN 5TH AVE AND 6TH AVE,3,0.17821376553223875
LENORA ST BETWEEN 5TH AVE AND 6TH AVE,4,0.2101423616274075
LENORA ST BETWEEN 5TH AVE AND 6TH AVE,5,0.27328518840020577
LENORA ST BETWEEN WESTERN AVE AND 1ST AVE,0,0.45263605442176874
LENORA ST BETWEEN WESTERN AVE AND 1ST AVE,1,0.4654805996472663
LENORA ST BETWEEN WESTERN AVE AND 1ST AVE,2,0.4944571090847687
LENORA ST BETWEEN WESTERN AVE AND 1ST AVE,3,0.5061425264550264
LENORA ST BETWEEN WESTERN AVE AND 1ST AVE,4,0.5728903466148364
LENORA ST BETWEEN WESTERN AVE AND 1ST AVE,5,0.5915219907407407
STEWART ST BETWEEN 4TH AVE AND 5TH AVE,0,0.38554102310323035
STEWART ST BETWEEN 4TH AVE AND 5TH AVE,1,0.40475345686240494
STEWART ST BETWEEN 4TH AVE AND 5TH AVE,2,0.4413573691597323
STEWART ST BETWEEN 4TH AVE AND 5TH AVE,3,0.43713509139994794
STEWART ST BETWEEN 4TH AVE AND 5TH AVE,4,0.4695879849793157
STEWART ST BETWEEN 4TH AVE AND 5TH AVE,5,0.48717654596560844
TAYLOR AVE BETWEEN 5TH AVE AND DENNY WAY,0,0.44172178130511464
TAYLOR AVE BETWEEN 5TH AVE AND DENNY WAY,1,0.3945679012345679
TAYLOR AVE BETWEEN 5TH AVE AND DENNY WAY,2,0.48182624113475175
TAYLOR AVE BETWEEN 5TH AVE AND DENNY WAY,3,0.6334490740740741
TAYLOR AVE BETWEEN 5TH AVE AND DENNY WAY,4,0.6468267916422573
TAYLOR AVE BETWEEN 5TH AVE AND DENNY WAY,5,0.7528280998389695
VINE ST BETWEEN 1ST AVE AND 2ND AVE,0,0.39436177248677245
VINE ST BETWEEN 1ST AVE AND 2ND AVE,1,0.4251521164021164
VINE ST BETWEEN 1ST AVE AND 2ND AVE,2,0.4551312901046944
VINE ST BETWEEN 1ST AVE AND 2ND AVE,3,0.45923859126984123
VINE ST BETWEEN 1ST AVE AND 2ND AVE,4,0.4605928085519922
VINE ST BETWEEN 1ST AVE AND 2ND AVE,5,0.4167948082010582
VINE ST BETWEEN 2ND AVE AND 3RD AVE,0,0.3785652281746032
VINE ST BETWEEN 2ND AVE AND 3RD AVE,1,0.4462905092592592
VINE ST BETWEEN 2ND AVE AND 3RD AVE,2,0.41384764085894404
VINE ST BETWEEN 2ND AVE AND 3RD AVE,3,0.46658890335648145
VINE ST BETWEEN 2ND AVE AND 3RD AVE,4,0.4361022534013605
VINE ST BETWEEN 2ND AVE AND 3RD AVE,5,0.33101671006944444
VINE ST BETWEEN 3RD AVE AND 4TH AVE,0,0.48728822617711504
VINE ST BETWEEN 3RD AVE AND 4TH AVE,1,0.48150953984287315
VINE ST BETWEEN 3RD AVE AND 4TH AVE,2,0.4852820462306278
VINE ST BETWEEN 3RD AVE AND 4TH AVE,3,0.5369408786943509
VINE ST BETWEEN 3RD AVE AND 4TH AVE,4,0.5394567843972606
VINE ST BETWEEN 3RD AVE AND 4TH AVE,5,0.4293448080340441
VINE ST BETWEEN 4TH AVE AND 5TH AVE,0,0.5990547839506173
VINE ST BETWEEN 4TH AVE AND 5TH AVE,1,0.5947247942386832
VINE ST BETWEEN 4TH AVE AND 5TH AVE,2,0.5987268518518519
VINE ST BETWEEN 4TH AVE AND 5TH AVE,3,0.6230420524691358
VINE ST BETWEEN 4TH AVE AND 5TH AVE,4,0.6269534202569916
VINE ST BETWEEN 4TH AVE AND 5TH AVE,5,0.651658950617284
VINE ST BETWEEN 5TH AVE AND DENNY WAY,0,0.32113095238095235
VINE ST BETWEEN 5TH AVE AND DENNY WAY,1,0.2697402263374486
VINE ST BETWEEN 5TH AVE AND DENNY WAY,2,0.31007929472025214
VINE ST BETWEEN 5TH AVE AND DENNY WAY,3,0.37252604166666664
VINE ST BETWEEN 5TH AVE AND DENNY WAY,4,0.3537762490888882
VINE ST BETWEEN 5TH AVE AND DENNY WAY,5,0.4525639090177133
VINE ST BETWEEN ALASKAN WAY AND ELLIOTT AVE,0,0.20865684281842817
VINE ST BETWEEN ALASKAN WAY AND ELLIOTT AVE,1,0.24015128968253968
VINE ST BETWEEN ALASKAN WAY AND ELLIOTT AVE,2,0.1944057765151515
VINE ST BETWEEN ALASKAN WAY AND ELLIOTT AVE,3,0.16356264467592593
VINE ST BETWEEN ALASKAN WAY AND ELLIOTT AVE,4,0.13258756038647343
VINE ST BETWEEN ALASKAN WAY AND ELLIOTT AVE,5,0.18841976950354608
VINE ST BETWEEN ELLIOTT AVE AND WESTERN AVE,0,0.24080526519550907
VINE ST BETWEEN ELLIOTT AVE AND WESTERN AVE,1,0.27870370370370373
VINE ST BETWEEN ELLIOTT AVE AND WESTERN AVE,2,0.22979989868287742
VINE ST BETWEEN ELLIOTT AVE AND WESTERN AVE,3,0.221432705026455
VINE ST BETWEEN ELLIOTT AVE AND WESTERN AVE,4,0.21800696469063816
VINE ST BETWEEN ELLIOTT AVE AND WESTERN AVE,5,0.207411541005291
VINE ST BETWEEN WESTERN AVE AND 1ST AVE,0,0.3440738655321989
VINE ST BETWEEN WESTERN AVE AND 1ST AVE,1,0.38110699588477365
VINE ST BETWEEN WESTERN AVE AND 1ST AVE,2,0.3950359535066982
VINE ST BETWEEN WESTERN AVE AND 1ST AVE,3,0.41002073688271606
VINE ST BETWEEN WESTERN AVE AND 1ST AVE,4,0.4108630952380952
VINE ST BETWEEN WESTERN AVE AND 1ST AVE,5,0.2998008294753086
VIRGINIA ST BETWEEN 1ST AVE AND 2ND AVE,0,0.582163170823885
VIRGINIA ST BETWEEN 1ST AVE AND 2ND AVE,1,0.5600736331569665
VIRGINIA ST BETWEEN 1ST AVE AND 2ND AVE,2,0.5661144883485308
VIRGINIA ST BETWEEN 1ST AVE AND 2ND AVE,3,0.6113496197089947
VIRGINIA ST BETWEEN 1ST AVE AND 2ND AVE,4,0.6052162293488824
VIRGINIA ST BETWEEN 1ST AVE AND 2ND AVE,5,0.6570998677248677
VIRGINIA ST BETWEEN 2ND AVE AND 3RD AVE,0,0.24682734204793028
VIRGINIA ST BETWEEN 2ND AVE AND 3RD AVE,1,0.2837191358024691
VIRGINIA ST BETWEEN 2ND AVE AND 3RD AVE,2,0.3114547537227949
VIRGINIA ST BETWEEN 2ND AVE AND 3RD AVE,3,0.3361316872427983
VIRGINIA ST BETWEEN 2ND AVE AND 3RD AVE,4,0.3655012412322354
VIRGINIA ST BETWEEN 2ND AVE AND 3RD AVE,5,0.4676220806794055
VIRGINIA ST BETWEEN 4TH AVE AND 5TH AVE,0,0.34611622543375914
VIRGINIA ST BETWEEN 4TH AVE AND 5TH AVE,1,0.3611742908407256
VIRGINIA ST BETWEEN 4TH AVE AND 5TH AVE,2,0.38641311823901764
VIRGINIA ST BETWEEN 4TH AVE AND 5TH AVE,3,0.3704694055913225
VIRGINIA ST BETWEEN 4TH AVE AND 5TH AVE,4,0.4228876330951039
VIRGINIA ST BETWEEN 4TH AVE AND 5TH AVE,5,0.4990678633213917
VIRGINIA ST BETWEEN 5TH AVE AND 6TH AVE,0,0.3006577013521458
VIRGINIA ST BETWEEN 5TH AVE AND 6TH AVE,1,0.3540020576131687
VIRGINIA ST BETWEEN 5TH AVE AND 6TH AVE,2,0.3381632519043866
VIRGINIA ST BETWEEN 5TH AVE AND 6TH AVE,3,0.338233024691358
VIRGINIA ST BETWEEN 5TH AVE AND 6TH AVE,4,0.37038296800201564
VIRGINIA ST BETWEEN 5TH AVE AND 6TH AVE,5,0.319579475308642
VIRGINIA ST BETWEEN PIKE PL AND POST AL,0,0.9493827160493827
VIRGINIA ST BETWEEN PIKE PL AND POST AL,1,0.9488786008230452
VIRGINIA ST BETWEEN PIKE PL AND POST AL,2,0.9656323877068558
VIRGINIA ST BETWEEN PIKE PL AND POST AL,3,0.9729070216049381
VIRGINIA ST BETWEEN PIKE PL AND POST AL,4,0.9741024187452759
VIRGINIA ST BETWEEN PIKE PL AND POST AL,5,0.977710262345679
VIRGINIA ST BETWEEN POST AL AND 1ST AVE,0,0.006467013888888888
VIRGINIA ST BETWEEN POST AL AND 1ST AVE,1,0.007542438271604938
VIRGINIA ST BETWEEN POST AL AND 1ST AVE,2,0.009934413580246913
VIRGINIA ST BETWEEN POST AL AND 1ST AVE,3,0.013616990005878894
VIRGINIA ST BETWEEN POST AL AND 1ST AVE,4,0.007357253086419753
VIRGINIA ST BETWEEN POST AL AND 1ST AVE,5,0.00897633744855967
WALL ST BETWEEN 1ST AVE AND 2ND AVE,0,0.5792994010875955
WALL ST BETWEEN 1ST AVE AND 2ND AVE,1,0.6126950445816186
WALL ST BETWEEN 1ST AVE AND 2ND AVE,2,0.6081412529550827
WALL ST BETWEEN 1ST AVE AND 2ND AVE,3,0.6286088605967078
WALL ST BETWEEN 1ST AVE AND 2ND AVE,4,0.614108953766692
WALL ST BETWEEN 1ST AVE AND 2ND AVE,5,0.5261907632458848
WALL ST BETWEEN 2ND AVE AND 3RD AVE,0,0.40865850970017636
WALL ST BETWEEN 2ND AVE AND 3RD AVE,1,0.4189660493827161
WALL ST BETWEEN 2ND AVE AND 3RD AVE,2,0.407633963750985
WALL ST BETWEEN 2ND AVE AND 3RD AVE,3,0.4051102752057613
WALL ST BETWEEN 2ND AVE AND 3RD AVE,4,0.4185925296044344
WALL ST BETWEEN 2ND AVE AND 3RD AVE,5,0.5202096193415637
WALL ST BETWEEN 3RD AVE AND 4TH AVE,0,0.19874661246612466
WALL ST BETWEEN 3RD AVE AND 4TH AVE,1,0.2005778334725703
WALL ST BETWEEN 3RD AVE AND 4TH AVE,2,0.20795304232804232
WALL ST BETWEEN 3RD AVE AND 4TH AVE,3,0.22090968161143598
WALL ST BETWEEN 3RD AVE AND 4TH AVE,4,0.2295995464380344
WALL ST BETWEEN 3RD AVE AND 4TH AVE,5,0.5172390867224492
WALL ST BETWEEN 4TH AVE AND 5TH AVE,0,0.372958416005291
WALL ST BETWEEN 4TH AVE AND 5TH AVE,1,0.40102623456790126
WALL ST BETWEEN 4TH AVE AND 5TH AVE,2,0.3861332742316785
WALL ST BETWEEN 4TH AVE AND 5TH AVE,3,0.4169169560185185
WALL ST BETWEEN 4TH AVE AND 5TH AVE,4,0.42822562358276645
WALL ST BETWEEN 4TH AVE AND 5TH AVE,5,0.40262411347517735
WALL ST BETWEEN 5TH AVE AND 6TH AVE,0,0.3200937950937951
WALL ST BETWEEN 5TH AVE AND 6TH AVE,1,0.46942087542087546
WALL ST BETWEEN 5TH AVE AND 6TH AVE,2,0.3300257898130239
WALL ST BETWEEN 5TH AVE AND 6TH AVE,3,0.49104166666666665
WALL ST BETWEEN 5TH AVE AND 6TH AVE,4,0.3429993815708101
WALL ST BETWEEN 5TH AVE AND 6TH AVE,5,0.41465721040189124
WALL ST BETWEEN ALASKAN WAY AND ELLIOTT AVE,0,0.42781084656084656
WALL ST BETWEEN ALASKAN WAY AND ELLIOTT AVE,1,0.4370061728395062
WALL ST BETWEEN ALASKAN WAY AND ELLIOTT AVE,2,0.4263356973995272
WALL ST BETWEEN ALASKAN WAY AND ELLIOTT AVE,3,0.3929108796296296
WALL ST BETWEEN ALASKAN WAY AND ELLIOTT AVE,4,0.4083219954648526
WALL ST BETWEEN ALASKAN WAY AND ELLIOTT AVE,5,0.43179976851851853
WALL ST BETWEEN ELLIOTT AVE AND WESTERN AVE,0,0.27047488940931563
WALL ST BETWEEN ELLIOTT AVE AND WESTERN AVE,1,0.3017983201781016
WALL ST BETWEEN ELLIOTT AVE AND WESTERN AVE,2,0.2870059682982599
WALL ST BETWEEN ELLIOTT AVE AND WESTERN AVE,3,0.31444330601092896
WALL ST BETWEEN ELLIOTT AVE AND WESTERN AVE,4,0.33591609047990784
WALL ST BETWEEN ELLIOTT AVE AND WESTERN AVE,5,0.3795920138888889
WALL ST BETWEEN WESTERN AVE AND 1ST AVE,0,0.3150484850702576
WALL ST BETWEEN WESTERN AVE AND 1ST AVE,1,0.3739366335256021
WALL ST BETWEEN WESTERN AVE AND 1ST AVE,2,0.3512349520889044
WALL ST BETWEEN WESTERN AVE AND 1ST AVE,3,0.4533113236187007
WALL ST BETWEEN WESTERN AVE AND 1ST AVE,4,0.4741015494312479
WALL ST BETWEEN WESTERN AVE AND 1ST AVE,5,0.35849609375
WARREN PL BETWEEN 1ST AVE AND DENNY WAY,0,0.27408811830805635
WARREN PL BETWEEN 1ST AVE AND DENNY WAY,1,0.27558256172839507
WARREN PL BETWEEN 1ST AVE AND DENNY WAY,2,0.2842494089834515
WARREN PL BETWEEN 1ST AVE AND DENNY WAY,3,0.3220727237654321
WARREN PL BETWEEN 1ST AVE AND DENNY WAY,4,0.30342498110355254
WARREN PL BETWEEN 1ST AVE AND DENNY WAY,5,0.40597566113199385
WESTERN AVE BETWEEN BATTERY ST AND WALL ST,0,0.3552426421957672
WESTERN AVE BETWEEN BATTERY ST AND WALL ST,1,0.3857789351851852
WESTERN AVE BETWEEN BATTERY ST AND WALL ST,2,0.38001588356974
WESTERN AVE BETWEEN BATTERY ST AND WALL ST,3,0.43226851851851855
WESTERN AVE BETWEEN BATTERY ST AND WALL ST,4,0.44382901077097503
WESTERN AVE BETWEEN BATTERY ST AND WALL ST,5,0.44265769675925926
WESTERN AVE BETWEEN BAY ST AND QUEEN ANNE AVE,0,0.5930187074829931
WESTERN AVE BETWEEN BAY ST AND QUEEN ANNE AVE,1,0.6044385796545106
WESTERN AVE BETWEEN BAY ST AND QUEEN ANNE AVE,2,0.6514449541284404
WESTERN AVE BETWEEN BAY ST AND QUEEN ANNE AVE,3,0.6455047789725209
WESTERN AVE BETWEEN BAY ST AND QUEEN ANNE AVE,4,0.6501098418277681
WESTERN AVE BETWEEN BAY ST AND QUEEN ANNE AVE,5,0.5107494212962963
WESTERN AVE BETWEEN BELL ST AND BATTERY ST,0,0.3476066468253968
WESTERN AVE BETWEEN BELL ST AND BATTERY ST,1,0.37690586419753086
WESTERN AVE BETWEEN BELL ST AND BATTERY ST,2,0.3857719064535228
WESTERN AVE BETWEEN BELL ST AND BATTERY ST,3,0.4189814814814815
WESTERN AVE BETWEEN BELL ST AND BATTERY ST,4,0.46980840455840456
WESTERN AVE BETWEEN BELL ST AND BATTERY ST,5,0.45735815602836877
WESTERN AVE BETWEEN BLANCHARD ST AND BELL ST,0,0.2436037808641975
WESTERN AVE BETWEEN BLANCHARD ST AND BELL ST,1,0.23283304622451909
WESTERN AVE BETWEEN BLANCHARD ST AND BELL ST,2,0.28786155202821867
WESTERN AVE BETWEEN BLANCHARD ST AND BELL ST,3,0.25965162857893354
WESTERN AVE BETWEEN BLANCHARD ST AND BELL ST,4,0.32790693773483626
WESTERN AVE BETWEEN BLANCHARD ST AND BELL ST,5,0.3142525077160494
WESTERN AVE BETWEEN BROAD ST AND EAGLE ST,0,0.3012663310998352
WESTERN AVE BETWEEN BROAD ST AND EAGLE ST,1,0.32280632716049384
WESTERN AVE BETWEEN BROAD ST AND EAGLE ST,2,0.36768522555516797
WESTERN AVE BETWEEN BROAD ST AND EAGLE ST,3,0.3833433242733
WESTERN AVE BETWEEN BROAD ST AND EAGLE ST,4,0.35590665193673093
WESTERN AVE BETWEEN BROAD ST AND EAGLE ST,5,0.514161964699074
WESTERN AVE BETWEEN CEDAR ST AND CLAY ST,0,0.2037665343915344
WESTERN AVE BETWEEN CEDAR ST AND CLAY ST,1,0.2457067901234568
WESTERN AVE BETWEEN CEDAR ST AND CLAY ST,2,0.21746473009167755
WESTERN AVE BETWEEN CEDAR ST AND CLAY ST,3,0.26160562080466165
WESTERN AVE BETWEEN CEDAR ST AND CLAY ST,4,0.23862590558384858
WESTERN AVE BETWEEN CEDAR ST AND CLAY ST,5,0.29631864068930036
WESTERN AVE BETWEEN CLAY ST AND BROAD ST,0,0.17818287037037037
WESTERN AVE BETWEEN CLAY ST AND BROAD ST,1,0.21993072421237267
WESTERN AVE BETWEEN CLAY ST AND BROAD ST,2,0.18041579467503777
WESTERN AVE BETWEEN CLAY ST AND BROAD ST,3,0.22250795717592592
WESTERN AVE BETWEEN CLAY ST AND BROAD ST,4,0.23241813346467913
WESTERN AVE BETWEEN CLAY ST AND BROAD ST,5,0.35274040316358024
WESTERN AVE BETWEEN EAGLE ST AND BAY ST,0,0.36180245535714284
WESTERN AVE BETWEEN EAGLE ST AND BAY ST,1,0.4119399381451123
WESTERN AVE BETWEEN EAGLE ST AND BAY ST,2,0.431393136820331
WESTERN AVE BETWEEN EAGLE ST AND BAY ST,3,0.4707043553383045
WESTERN AVE BETWEEN EAGLE ST AND BAY ST,4,0.3906356873350433
WESTERN AVE BETWEEN EAGLE ST AND BAY ST,5,0.3047480830439815
WESTERN AVE BETWEEN LENORA ST AND BLANCHARD ST,0,0.4353025793650794
WESTERN AVE BETWEEN LENORA ST AND BLANCHARD ST,1,0.4590718669833253
WESTERN AVE BETWEEN LENORA ST AND BLANCHARD ST,2,0.5043522591555267
WESTERN AVE BETWEEN LENORA ST AND BLANCHARD ST,3,0.505507308840568
WESTERN AVE BETWEEN LENORA ST AND BLANCHARD ST,4,0.5348057244595121
WESTERN AVE BETWEEN LENORA ST AND BLANCHARD ST,5,0.5809447337962963
WESTERN AVE BETWEEN PINE ST AND VIRGINIA ST,0,0.2091209716209716
WESTERN AVE BETWEEN PINE ST AND VIRGINIA ST,1,0.20877384960718293
WESTERN AVE BETWEEN PINE ST AND VIRGINIA ST,2,0.20036804212336126
WESTERN AVE BETWEEN PINE ST AND VIRGINIA ST,3,0.24227167508417505
WESTERN AVE BETWEEN PINE ST AND VIRGINIA ST,4,0.24239074417645848
WESTERN AVE BETWEEN PINE ST AND VIRGINIA ST,5,0.3612715698653199
WESTERN AVE BETWEEN VINE ST AND CEDAR ST,0,0.47238401918144307
WESTERN AVE BETWEEN VINE ST AND CEDAR ST,1,0.5408890623644722
WESTERN AVE BETWEEN VINE ST AND CEDAR ST,2,0.5303454955403857
WESTERN AVE BETWEEN VINE ST AND CEDAR ST,3,0.5324785527257352
WESTERN AVE BETWEEN VINE ST AND CEDAR ST,4,0.5409950672306393
WESTERN AVE BETWEEN VINE ST AND CEDAR ST,5,0.416379794973545
WESTERN AVE BETWEEN VIRGINIA ST AND LENORA ST,0,0.5925116921768707
WESTERN AVE BETWEEN VIRGINIA ST AND LENORA ST,1,0.6327872391240447
WESTERN AVE BETWEEN VIRGINIA ST AND LENORA ST,2,0.6340269862377574
WESTERN AVE BETWEEN VIRGINIA ST AND LENORA ST,3,0.6401904555224868
WESTERN AVE BETWEEN VIRGINIA ST AND LENORA ST,4,0.6587721695821186
WESTERN AVE BETWEEN VIRGINIA ST AND LENORA ST,5,0.6992159942680777
WESTERN AVE BETWEEN WALL ST AND VINE ST,0,0.2288451318027211
WESTERN AVE BETWEEN WALL ST AND VINE ST,1,0.27319306657848325
WESTERN AVE BETWEEN WALL ST AND VINE ST,2,0.25280627321850724
WESTERN AVE BETWEEN WALL ST AND VINE ST,3,0.27110821759259257
WESTERN AVE BETWEEN WALL ST AND VINE ST,4,0.3049208373825721
WESTERN AVE BETWEEN WALL ST AND VINE ST,5,0.2737968646660053
